power,energy,effi,storage,charge,discharge,fuel_cost,Gasuse,solar,wind,discharge,charge,Wind,Solar,chargeeffi,costfrac
0,0,0.0,0,0.0,0.0,0,0.0,0.0,0.0,0.0,0.0,0.0,0.0,0.0,0.0
500000,1000,0.6,[4905.22074726],160.41316527842352,61.230769230769226,100,40083.65298511516,489052.55511641846,472181.7618274203,147807.95775480516,252116.24093885458,153.84615384615384,274.56473083616027,0.923076923076923,0.097
700000,1000,0.6,[4483.39258688],133.11073635017652,50.71527393996737,100,49469.70388921584,414702.66175668366,517440.89998418937,121478.04413788911,209622.74747813356,169.87772990876707,238.09794702547623,0.923076923076923,0.097
900000,1000,0.6,[4272.6035735],112.16202501472685,42.75902644562514,100,57723.166690503385,369272.13127148844,543120.9083527261,105540.4690530321,184298.46957023075,179.43878857170802,216.3002451387642,0.923076923076923,0.097
1100000,1000,0.6,[4095.93482656],97.52503335592566,38.136292349550395,100,63500.65725120323,342353.2766688443,557197.4010888258,96195.41972348787,169150.85052217942,184.9724220912505,204.1075002386212,0.923076923076923,0.097
1300000,1000,0.6,[3874.62738909],83.51824163987143,33.43532098700132,100,70603.52652471617,315046.6805407119,569944.5460048467,86717.14063469849,153518.6711122831,190.16839451524027,191.6036276813929,0.923076923076923,0.097
1200000,1000,0.6,[4000.93323741],89.58969122590528,35.867620459168485,100,66621.2590328188,328325.88781856507,564453.8921711451,91411.17233689144,161365.1181779265,187.8980022060902,198.048759900965,0.923076923076923,0.097
1300000,1000,0.6,[3874.62738909],83.51824163987143,33.43532098700132,100,70603.52652471617,315046.6805407119,569944.5460048467,86717.14063469849,153518.6711122831,190.16839451524027,191.6036276813929,0.923076923076923,0.097
1250000,1000,0.6,[3923.32664469],86.06891798205801,34.598292791200905,100,68664.03441166657,320486.01985451963,568072.93662815,88799.20891615187,156943.5690558352,189.35947086249382,194.2654570283752,0.923076923076923,0.097
1300000,1000,0.6,[3874.62738909],83.51824163987143,33.43532098700132,100,70603.52652471617,315046.6805407119,569944.5460048467,86717.14063469849,153518.6711122831,190.16839451524027,191.6036276813929,0.923076923076923,0.097
1260000,1000,0.6,[3915.54383502],85.90047452524335,34.4521813414437,100,68935.56024699072,319997.6909387371,568100.2481692809,88581.54026990212,156567.72888453308,189.3781361338312,193.97484738396142,0.923076923076923,0.097
1270000,1000,0.6,[3897.7985294],85.19335864039505,34.21966861501382,100,69343.10233780791,319046.00000686233,568274.1709734763,88181.88591651917,155857.07006276838,189.46107302996066,193.60985565105463,0.923076923076923,0.097
1280000,1000,0.6,[3886.45950134],84.79583230900751,34.031514916835135,100,69675.96827230707,318194.78846829286,568508.4999020374,87852.33797067613,155290.70271998167,189.56461230794503,193.1822575809974,0.923076923076923,0.097
1290000,1000,0.6,[3877.38095542],84.251061676874,33.66335740546501,100,70298.0826523301,316715.85760788235,568927.93941028,87244.88237834029,154326.2418912302,189.75332068311195,192.37503408145923,0.923076923076923,0.097
1285000,1000,0.6,[3877.02737335],84.53809069338237,33.83462389882001,100,70038.93064590974,317563.8496347711,568529.9174410108,87558.87267777004,154792.21883027226,189.58560487444123,192.8263844449445,0.923076923076923,0.097
1281000,1000,0.6,[3884.62063198],84.76044621626376,33.989203136187626,100,69754.15503066995,318020.41168636916,568549.1652263578,87784.04184387502,155176.40657286637,189.5825898828546,193.07184000339802,0.923076923076923,0.097
1282000,1000,0.6,[3884.62063198],84.76044621626376,33.989203136187626,100,69754.15503066995,318020.41168636916,568549.1652263578,87784.04184387502,155176.40657286637,189.5825898828546,193.07184000339802,0.923076923076923,0.097
1283000,1000,0.6,[3876.15810101],84.58314536135666,33.8409556723403,100,70037.78176383741,317612.8484277035,568486.1513544017,87576.01920684686,154811.81607949798,189.5674622569046,192.8358667785754,0.923076923076923,0.097
500000,2000,0.6,[3946.95944366],156.3987523192873,60.59905057030088,100,41969.80146020852,487462.0503067488,466787.68364917,148210.45212604632,247781.52696200632,152.12721787528616,276.9326265673596,0.923076923076923,0.097
700000,2000,0.6,[3811.9360661],125.29467718066476,50.0,100,51761.1440782283,408789.0972701737,515976.44629958767,119819.97603775572,203396.92032530348,169.49152542372883,237.164879987249,0.923076923076923,0.097
900000,2000,0.6,[3582.8580259],106.56889721155261,42.40635898111223,100,60202.64258948743,365396.6155523386,539558.2005674726,104464.23047435895,178727.71309260698,178.3084861265875,215.77603762917443,0.923076923076923,0.097
1100000,2000,0.6,[3328.90576961],92.36292774321265,37.60599206899638,100,66639.99974725269,337288.27416196896,553326.3090666874,94572.86613227219,162302.26071524425,183.8235294117647,202.82451923076923,0.923076923076923,0.097
1300000,2000,0.6,[3201.06659251],80.31446742712076,32.546859538578474,100,72860.28587001223,312198.6989273668,565712.9233495096,84958.38706939333,147443.34943041415,189.47511365567846,192.4013702372333,0.923076923076923,0.097
1200000,2000,0.6,[3184.3622843],85.32313448225375,35.38175046554935,100,69885.15655244916,324746.82247284724,558858.1211343344,90002.48243377292,154608.53777852652,186.21973929236498,197.55569908749197,0.923076923076923,0.097
1300000,2000,0.6,[3201.06659251],80.31446742712076,32.546859538578474,100,72860.28587001223,312198.6989273668,565712.9233495096,84958.38706939333,147443.34943041415,189.47511365567846,192.4013702372333,0.923076923076923,0.097
1250000,2000,0.6,[3172.49799204],82.7359810742531,33.95420465820547,100,71586.3896775265,318503.4361360962,561878.5592304125,87490.75269954327,150885.35791714935,187.63010040282538,194.89320106357914,0.923076923076923,0.097
1210000,2000,0.6,[3171.61906041],84.8721288065733,35.162452273222684,100,70248.84651034928,323892.0672011625,559040.490574169,89634.52065148087,153983.93071122613,186.31479231832563,197.1618863916529,0.923076923076923,0.097
1220000,2000,0.6,[3152.96254211],84.3941778301769,34.783653286927965,100,70919.31024522723,322810.7715177488,558994.9024819196,89088.38986875881,153058.4991818349,186.33241918020585,196.5775006471588,0.923076923076923,0.097
1230000,2000,0.6,[3142.66305564],83.48123643356122,34.604447299647234,100,71149.75592038815,320857.9990447077,560292.040094639,88535.39949997787,152155.5642089656,186.8444362867222,195.71894738121355,0.923076923076923,0.097
1240000,2000,0.6,[3127.68894996],82.95611122838665,34.3222859774703,100,71600.87700794218,319969.0261432044,560375.4808548262,88098.9030684362,151425.4957609928,186.91588785046727,195.3597267266691,0.923076923076923,0.097
1250000,2000,0.6,[3172.49799204],82.7359810742531,33.95420465820547,100,71586.3896775265,318503.4361360962,561878.5592304125,87490.75269954327,150885.35791714935,187.63010040282538,194.89320106357914,0.923076923076923,0.097
1245000,2000,0.6,[3153.00322714],82.64948358159825,34.01679787922586,100,71718.64745519441,318579.0769568844,561542.085303469,87561.39972553462,150831.8856379223,187.45227875219925,194.81647541746418,0.923076923076923,0.097
1241000,2000,0.6,[3127.24921913],82.9350840562303,34.29975861159049,100,71631.3651151222,319931.1783103262,560365.597077286,88071.06936714544,151383.88603373515,186.91588785046727,195.34904720460213,0.923076923076923,0.097
1242000,2000,0.6,[3137.57017612],82.6759917450126,34.18558434609799,100,71664.86676729913,318943.8745433785,561222.0495542561,87784.55232618096,151029.54756102886,187.26591760299624,194.90942444393485,0.923076923076923,0.097
1243000,2000,0.6,[3138.85040355],82.69342665462497,34.17960933022012,100,71658.86415872209,318971.0828874068,561213.4495212048,87784.72166212791,151041.33990411847,187.26591760299624,194.93276434970778,0.923076923076923,0.097
1244000,2000,0.6,[3135.1534511],82.59468375968666,34.08239700374533,100,71826.0210697942,318725.10572299507,561188.0205508611,87650.61225264323,150821.3165504249,187.26591760299624,194.80057841270863,0.923076923076923,0.097
1245000,2000,0.6,[3153.00322714],82.64948358159825,34.01679787922586,100,71718.64745519441,318579.0769568844,561542.085303469,87561.39972553462,150831.8856379223,187.45227875219925,194.81647541746418,0.923076923076923,0.097
500000,5000,0.6,[2900.24036077],153.6529491937814,59.6363478845584,100,47431.09500864505,507573.937748752,439858.91865292675,155697.42018988944,253441.2660925045,143.13351813986384,289.01734104046244,0.923076923076923,0.097
700000,5000,0.6,[2731.65241435],118.34676891451696,48.32141155728544,100,59030.78701933032,412585.35523999116,498267.36901529855,119723.5323475315,197175.73257429368,163.53983684403343,241.33879013634854,0.923076923076923,0.097
900000,5000,0.6,[2521.80419295],98.18966373682733,40.90121317157711,100,68205.75990291021,364241.82736362366,524556.3592237686,102116.05785486438,169033.85016476928,173.3102253032929,217.21339368139598,0.923076923076923,0.097
1100000,5000,0.6,[2503.2606451],85.33767170364091,35.451391048506984,100,73708.09698296647,335757.631912714,540794.2295076749,91364.33655503027,152883.9645769714,179.89089523085372,205.08776862148818,0.923076923076923,0.097
1300000,5000,0.6,[2375.96925802],69.96955866751753,29.566854990583806,100,80123.96447407737,303067.0576844902,558762.8080570763,78834.77093921657,133651.01645064045,188.32391713747646,192.5425924062569,0.923076923076923,0.097
1200000,5000,0.6,[2538.53397933],79.52463747920449,32.64851724724312,100,76109.72887141326,322424.0060887649,548883.603436533,86109.86671749318,145409.727797727,183.51902657426945,199.8805789852109,0.923076923076923,0.097
1150000,5000,0.6,[2600.66827871],83.20020879364945,34.02800724479127,100,73905.57972511549,329695.49859536847,546030.8671232301,88986.70342440075,150109.522032106,182.2430739094164,203.05035400143638,0.923076923076923,0.097
1200000,5000,0.6,[2538.53397933],79.52463747920449,32.64851724724312,100,76109.72887141326,322424.0060887649,548883.603436533,86109.86671749318,145409.727797727,183.51902657426945,199.8805789852109,0.923076923076923,0.097
1160000,5000,0.6,[2588.50469186],82.45154033853619,33.742150800219875,100,74365.29904840811,328100.6417967402,546699.3241844802,88376.59779695264,149115.56568607487,182.52851019223175,202.32075828536532,0.923076923076923,0.097
1170000,5000,0.6,[2580.24888564],81.63686852645876,33.384776744278255,100,74891.79732155267,325868.99463430943,547843.5495708694,87578.58626707763,147861.1641173622,183.00885509813665,201.1931706259107,0.923076923076923,0.097
1165000,5000,0.6,[2579.49452431],81.84900678130728,33.45521023765997,100,74821.4561018794,326541.5819270799,547366.8194878355,87782.37186847186,148165.1348171693,182.81535648994515,201.5350117296563,0.923076923076923,0.097
1170000,5000,0.6,[2580.24888564],81.63686852645876,33.384776744278255,100,74891.79732155267,325868.99463430943,547843.5495708694,87578.58626707763,147861.1641173622,183.00885509813665,201.1931706259107,0.923076923076923,0.097
1166000,5000,0.6,[2579.27615313],81.84233270801717,33.45521023765997,100,74822.9517309331,326537.42781684943,547366.9196977699,87780.87623941817,148161.39275535743,182.81535648994515,201.5350117296563,0.923076923076923,0.097
1167000,5000,0.6,[2579.45272471],81.84266547548786,33.4544554219881,100,74821.50621762706,326535.34814232215,547371.4208334819,87780.09389315704,148161.57146454294,182.81743015937334,201.53482649992523,0.923076923076923,0.097
1168000,5000,0.6,[2580.37497349],81.76404940398321,33.424218520792735,100,74845.16930475185,326262.3764517652,547574.6415876595,87697.2610301186,148042.56773011864,182.90049856925071,201.39605460434348,0.923076923076923,0.097
1169000,5000,0.6,[2580.37497349],81.76404940398332,33.424218520792735,100,74845.16930475176,326262.3764517653,547574.6415876596,87697.26103011867,148042.56773011875,182.90049856925074,201.39605460434353,0.923076923076923,0.097
1170000,5000,0.6,[2580.24888564],81.63686852645876,33.384776744278255,100,74891.79732155267,325868.99463430943,547843.5495708694,87578.58626707763,147861.1641173622,183.00885509813665,201.1931706259107,0.923076923076923,0.097
500000,10000,0.6,[1751.64796207],152.4495595909366,55.90412686798589,100,52596.174657312855,501907.581494067,432569.8971696623,152388.25718821023,243195.60970084823,141.24293785310735,300.61038276338695,0.923076923076923,0.097
700000,10000,0.6,[1577.82318736],115.37890141029754,43.6995912499949,100,66135.18524411136,401350.9374573758,491825.17483430705,112162.0562484746,180436.94195470965,163.07529342832376,248.52227936850815,0.923076923076923,0.097
900000,10000,0.6,[1430.89188398],95.07774977803315,36.29390455337093,100,74327.06467081736,352293.061286656,519411.70934739587,93138.04022340185,150618.346641481,174.53724779898369,224.59321320548466,0.923076923076923,0.097
1100000,10000,0.6,[1234.66528271],78.87562596476562,30.300969516152197,100,82078.86088818466,316574.76221424027,536957.8767137267,78795.10671119667,127759.94448678299,182.937087884115,208.79392009388383,0.923076923076923,0.097
1000000,10000,0.6,[1343.83126559],87.73118952529623,33.54762857091195,100,77707.75603712765,335347.92921883776,528128.2660661984,86414.89648726773,139937.39797793666,178.57142857142856,217.01936508127847,0.923076923076923,0.097
950000,10000,0.6,[1394.10433509],91.52435968742152,35.140609281651024,100,75729.01813576042,345000.4765160527,523230.2178806916,90270.6716492873,146058.81616780796,176.2483443433396,221.4490170170328,0.923076923076923,0.097
1000000,10000,0.6,[1343.83126559],87.73118952529623,33.54762857091195,100,77707.75603712765,335347.92921883776,528128.2660661984,86414.89648726773,139937.39797793666,178.57142857142856,217.01936508127847,0.923076923076923,0.097
960000,10000,0.6,[1385.17564124],90.89411050064803,34.88085962392865,100,76079.7819775559,343791.1070987244,523695.2558217947,89738.58749576115,145204.36836354109,176.4795353970643,220.9549797371195,0.923076923076923,0.097
970000,10000,0.6,[1377.68486528],90.13038261494697,34.51725800699673,100,76586.99474821766,341552.9063857417,524813.4755495455,88869.78924423024,143836.76854867852,176.9803837648738,219.74074494296403,0.923076923076923,0.097
980000,10000,0.6,[1362.98193473],88.55474997432516,33.97921831023085,100,77277.01058747138,337677.63108859345,526957.2540647637,87407.03095556839,141525.16310436642,177.9535894602942,217.82700784558835,0.923076923076923,0.097
975000,10000,0.6,[1368.21053612],89.12814157831926,34.168069972901804,100,77038.32600128581,339088.964834822,526159.6942644839,87933.80849511,142357.65562680148,177.59227464447918,218.52174419144887,0.923076923076923,0.097
980000,10000,0.6,[1362.98193473],88.55474997432516,33.97921831023085,100,77277.01058747138,337677.63108859345,526957.2540647637,87407.03095556839,141525.16310436642,177.9535894602942,217.82700784558835,0.923076923076923,0.097
976000,10000,0.6,[1368.20528649],89.1268634371361,34.16764483833944,100,77038.85374232946,339084.6973767622,526162.4439696468,87932.36466128685,142355.40900002336,177.59345280865512,218.51932696136552,0.923076923076923,0.097
977000,10000,0.6,[1364.76999004],88.93920787155515,34.105582125794456,100,77120.11612182482,338914.30604096135,526167.4298922047,87828.35745857308,142181.73185867438,177.61298618384242,218.51924128866733,0.923076923076923,0.097
978000,10000,0.6,[1364.73372928],88.93141128011663,34.10301953818828,100,77123.29463245836,338889.1844611537,526183.4831986735,87819.79805275667,142168.39416465437,177.61989342806396,218.50520318104984,0.923076923076923,0.097
979000,10000,0.6,[1363.07457254],88.5746684490676,33.98576512455517,100,77268.8743078433,337741.61522200983,526916.3862915126,87428.79465742178,141559.0804419577,177.9359430604982,217.8628719400738,0.923076923076923,0.097
500000,20000,0.6,[1099.754093],133.0845960443123,47.54527207323029,100,64823.79304641002,439708.39314008586,461090.4195556805,125269.33695605374,198361.7932599047,152.04268964281079,278.6163852379825,0.923076923076923,0.097
700000,20000,0.6,[927.30631735],99.90742280545358,37.6905932004663,100,77425.05395607499,363816.7170331443,503042.02727509855,94679.77987208262,150427.9182797544,168.999029266549,237.8221633569988,0.923076923076923,0.097
900000,20000,0.6,[755.29480836],79.83626326454669,30.247654340262585,100,86937.96621100462,318166.94884983916,525838.2316183267,75952.87229345374,120827.0944362686,179.77408675190054,216.25304794575788,0.923076923076923,0.097
800000,20000,0.6,[860.16726651],89.55676240472057,34.25098581109202,100,81866.79363211422,342126.0566138855,514100.1871075746,85912.3396037147,136620.3479605745,173.91304347826087,227.0874586873315,0.923076923076923,0.097
750000,20000,0.6,[896.52482559],94.22704842696696,35.99882392787369,100,79577.1296217984,352513.8790537978,509036.29067263764,90187.39050182136,143367.40601543552,171.58492244537885,232.19060606140718,0.923076923076923,0.097
800000,20000,0.6,[860.16726651],89.55676240472057,34.25098581109202,100,81866.79363211422,342126.0566138855,514100.1871075746,85912.3396037147,136620.3479605745,173.91304347826087,227.0874586873315,0.923076923076923,0.097
760000,20000,0.6,[890.92111638],93.0216494790726,35.575612076587575,100,80148.08712166414,349545.01392329246,510639.0802050691,89040.03527663849,141574.3537169208,172.27767071688845,230.50944749674042,0.923076923076923,0.097
770000,20000,0.6,[887.09591515],92.2961544181952,35.396128186999036,100,80331.375844372,347878.6289543618,511693.5296779731,88424.62288000742,140610.6067908132,172.73762516845179,229.72323347144615,0.923076923076923,0.097
780000,20000,0.6,[877.90251302],91.17094090092162,35.01573119410856,100,80792.36634496755,345531.7499016041,512893.31525391515,87463.55869985856,139090.14480031875,173.29138348237717,228.69077670571932,0.923076923076923,0.097
775000,20000,0.6,[879.73869384],91.53747115683312,35.11904926483351,100,80677.10345260685,346450.1435904765,512325.4507559806,87802.89870121914,139620.55061564595,173.0408114467787,229.16215569978795,0.923076923076923,0.097
780000,20000,0.6,[877.90251302],91.17094090092162,35.01573119410856,100,80792.36634496755,345531.7499016041,512893.31525391515,87463.55869985856,139090.14480031875,173.29138348237717,228.69077670571932,0.923076923076923,0.097
776000,20000,0.6,[879.73869384],91.53747115683312,35.11904926483351,100,80677.10345260685,346450.1435904765,512325.4507559806,87802.89870121914,139620.55061564595,173.0408114467787,229.16215569978795,0.923076923076923,0.097
777000,20000,0.6,[878.96628544],91.36502021382364,35.063391490477684,100,80743.1997430477,345961.49991141824,512624.7282631109,87623.77359861552,139341.41678417756,173.17171668774046,228.89167208921003,0.923076923076923,0.097
778000,20000,0.6,[878.93762175],91.33430961804893,35.05809139633155,100,80747.10576068296,345873.16438828775,512689.6633255704,87594.71798876583,139296.60135074487,173.1993218054755,228.84254283800374,0.923076923076923,0.097
500000,30000,0.6,[716.15894585],109.58367818388996,39.261744966442954,100,76013.35919378516,370393.338008705,497497.633769514,95656.51196372582,150979.23963298145,167.78523489932886,251.15999668572374,0.923076923076923,0.097
700000,30000,0.6,[578.52092241],87.66953508684375,31.051296348657555,100,85181.03535959256,321756.21629992244,522859.08666264464,75540.24081291266,119387.61150929747,180.02272493823094,226.67094928353893,0.923076923076923,0.097
600000,30000,0.6,[644.3245999],97.60869929125222,34.87495236961935,100,80230.41514301127,342015.6311623005,513646.6580917513,84160.81518103587,132972.47961055287,175.3733003100624,237.18970047751745,0.923076923076923,0.097
550000,30000,0.6,[679.76559263],103.67512028273555,37.12594907999328,100,78132.71621016046,356715.5878568908,505141.3942276987,90053.9627086564,142194.1486185289,171.31893983653057,244.46635235100436,0.923076923076923,0.097
600000,30000,0.6,[644.3245999],97.60869929125222,34.87495236961935,100,80230.41514301127,342015.6311623005,513646.6580917513,84160.81518103587,132972.47961055287,175.3733003100624,237.18970047751745,0.923076923076923,0.097
560000,30000,0.6,[672.12123281],102.13195577928917,36.57859547594818,100,78474.93584652434,353242.4244778586,507322.4977531601,88674.66430192172,140044.17450412124,172.3407731631843,242.99388706533264,0.923076923076923,0.097
570000,30000,0.6,[666.88021849],101.21079187621282,36.25655887946847,100,78726.1678628691,350713.25723338756,508923.53021680756,87694.87791026566,138514.92297538146,173.09235132167507,241.7492648656239,0.923076923076923,0.097
580000,30000,0.6,[657.09574006],99.8434613757258,35.65217391304347,100,79562.84108678719,347107.70992938825,510638.38999339513,86196.68838838855,136159.042521193,173.91304347826087,239.5887285793196,0.923076923076923,0.097
575000,30000,0.6,[663.50799826],100.76481554959742,36.048526863084916,100,79041.66322563996,349609.40067127877,509375.72336810775,87220.38635906161,137766.6218068505,173.3102253032929,241.05748510598022,0.923076923076923,0.097
571000,30000,0.6,[664.87546413],100.9910960550961,36.13336973280591,100,78963.6212384401,350308.61933095224,508940.51180926233,87489.44151108088,138186.640513602,173.10507088814938,241.4330101901039,0.923076923076923,0.097
500000,1000,0.6,[4528.26060012],96.26264609682802,60.86193054257546,100,45255.17981629342,373821.68046697945,554831.8629102818,113436.5255736188,195087.92193892927,182.88817503469411,220.22382171011685,0.923076923076923,0.333
700000,1000,0.6,[4400.80986307],72.56365535149118,51.51543565803162,100,52808.601628296405,316904.60115339485,592524.3725809508,97274.52070957283,169395.78098973693,196.7658555889295,194.94394951866178,0.923076923076923,0.333
900000,1000,0.6,[4174.17534769],61.6671790498966,45.00039156494417,100,58863.02454265468,294155.45887234766,602716.7241385548,89175.74929012606,155917.80631724608,201.46376716137667,186.08172552297816,0.923076923076923,0.333
1100000,1000,0.6,[3850.07772945],53.06992827813853,38.649735803302676,100,65896.44775125227,278351.0431036677,604890.6064511406,81478.72373030217,142723.21941818096,203.82147573653597,180.79561864496077,0.923076923076923,0.333
1000000,1000,0.6,[3998.89388192],56.71913119828586,41.40772455846752,100,62672.566613316936,285456.19642209855,604009.4155989492,84962.01012536277,148707.8665474408,202.74143751395323,183.33215964780095,0.923076923076923,0.333
950000,1000,0.6,[4093.26195785],59.22312914913894,43.33093125923737,100,60576.42268439116,289819.80755675054,603647.0210252316,87186.47051988034,152519.74318731093,202.17878477928312,184.71213926558104,0.923076923076923,0.333
910000,1000,0.6,[4155.53807931],61.136840744269534,44.62012336029988,100,59245.97523256466,293286.73177351296,602834.6056948015,88749.4197853558,155184.6761411399,201.5837480754282,185.8385122137588,0.923076923076923,0.333
920000,1000,0.6,[4138.02190074],60.6010506881136,44.23829525133232,100,59642.527500710756,292286.722330745,603058.6429183625,88300.82291806821,154420.35292420286,201.74385296081985,185.49316647761756,0.923076923076923,0.333
930000,1000,0.6,[4124.22139198],60.180265824641026,43.894385681033036,100,60015.510968234106,291414.3689834733,603233.6667771977,87911.2937891217,153761.39124740928,201.86784579786743,185.13725847125394,0.923076923076923,0.333
940000,1000,0.6,[4113.75082229],59.80376509830728,43.81328277812298,100,60051.84025970995,290961.20898362773,603484.779713389,87728.59876640026,153439.77943673273,202.02751592706355,185.15141838415502,0.923076923076923,0.333
950000,1000,0.6,[4093.26195785],59.22312914913894,43.33093125923737,100,60576.42268439116,289819.80755675054,603647.0210252316,87186.47051988034,152519.74318731093,202.17878477928312,184.71213926558104,0.923076923076923,0.333
945000,1000,0.6,[4102.3592988],59.472919593062414,43.572379810990185,100,60305.15699745957,290362.0351611091,603590.8209135855,87445.79996934063,152957.36588445678,202.12030366674577,184.9523022544181,0.923076923076923,0.333
941000,1000,0.6,[4113.55219587],59.80176163872957,43.793687167809516,100,60077.57273120242,290928.9801469084,603479.5892780413,87713.03997325916,153414.62965791803,202.02498310838126,185.1215800615728,0.923076923076923,0.333
942000,1000,0.6,[4111.33767177],59.727968927322465,43.78560007340028,100,60073.083969847736,290867.5993825041,603517.7643248554,87684.89974843326,153363.0899313605,202.05346712872083,185.149227706405,0.923076923076923,0.333
943000,1000,0.6,[4103.69831663],59.51177900446865,43.600818858121684,100,60275.19408009438,290432.834296271,603578.2397929102,87479.14360542886,153014.22625357332,202.109429836857,184.97591646519325,0.923076923076923,0.333
500000,2000,0.6,[3531.32188776],95.69870771661608,59.300461623927475,100,45537.9943539845,370163.050930326,553244.0677666083,112300.88229576638,189457.84185847852,183.15018315018312,223.40237206035164,0.923076923076923,0.333
700000,2000,0.6,[3376.09558004],73.76104731232451,49.47654838695238,100,51823.03693455374,314606.3912557552,591230.3950706001,95963.95894112358,163960.41434033785,198.13118279626514,199.36181126083812,0.923076923076923,0.333
900000,2000,0.6,[3170.07225005],62.74486619376847,42.84675931924944,100,58051.59190354066,293053.2428118484,600044.2910208929,87635.63369513366,150262.85485976824,202.67106624379633,191.08986245843633,0.923076923076923,0.333
1100000,2000,0.6,[2916.18079604],53.248435946541804,36.58636242721789,100,65066.93373615205,272849.32005334104,606322.5267267684,79000.67992698115,135913.34810145467,207.04424538047493,182.79913733893304,0.923076923076923,0.333
1000000,2000,0.6,[3041.67858696],57.70433615254649,39.56875858356199,100,61597.75081967633,282711.5505895021,603343.4333305716,83268.92724924911,143004.61106676847,204.8108261721383,187.01309395129744,0.923076923076923,0.333
950000,2000,0.6,[3099.60676704],59.79444876135492,41.05740093854715,100,59900.72625194833,287183.291837505,602136.5794352317,85214.32896077464,146247.62444811655,203.9536299704251,188.925467762078,0.923076923076923,0.333
910000,2000,0.6,[3158.87892531],62.24616075550876,42.5783586185149,100,58310.35173984837,292090.5330553968,600446.2940653964,87255.07727077087,149632.85181361155,202.90332643634312,190.76349067108976,0.923076923076923,0.333
905000,2000,0.6,[3161.11668571],62.48825864941254,42.633825590121006,100,58287.02529904925,292621.98120608146,600043.5507679977,87404.23751163199,149867.8105705481,202.70733007024384,190.9461539228235,0.923076923076923,0.333
901000,2000,0.6,[3170.07225005],62.744866193768445,42.846759319249436,100,58051.59190354063,293053.2428118486,600044.2910208928,87635.63369513367,150262.85485976824,202.6710662437963,191.0898624584365,0.923076923076923,0.333
902000,2000,0.6,[3164.47506606],62.68361299486108,42.79727041993677,100,58095.19038890171,293197.6727569885,599817.1103872734,87613.6962704861,150206.4644341381,202.59478579683818,191.27151227042896,0.923076923076923,0.333
903000,2000,0.6,[3164.47506606],62.68361299486108,42.79727041993677,100,58095.19038890171,293197.6727569885,599817.1103872734,87613.6962704861,150206.4644341381,202.59478579683818,191.27151227042896,0.923076923076923,0.333
904000,2000,0.6,[3160.95248097],62.52326654874078,42.64507166467458,100,58277.18493377555,292739.62017795874,599953.9615426823,87433.00249379706,149911.17152142798,202.66759129090255,191.00972099540803,0.923076923076923,0.333
500000,5000,0.6,[2877.67364582],92.09249999049851,57.2179101002248,100,50039.763704160774,369263.263804151,544694.4907227935,110288.49530186532,183033.2432612037,180.51514725643545,225.74225386752494,0.923076923076923,0.333
700000,5000,0.6,[2597.54440959],67.8721073160578,46.601938873218806,100,59067.494033648014,310875.920679429,580276.9773707738,91655.58212145141,153116.2838818173,194.8228019214244,200.03125069262722,0.923076923076923,0.333
900000,5000,0.6,[2368.42089729],55.32108224603221,39.58269027422874,100,66955.19837691374,284907.7231584974,590465.8728607534,81632.94489494279,136580.06703794532,200.05731697275252,188.82820202106495,0.923076923076923,0.333
800000,5000,0.6,[2489.65030625],60.36454198298246,42.701832345357374,100,63213.18943510672,295064.39400553575,587554.7056483265,85949.7119172652,143798.7701596008,198.2635558984174,193.02640536525163,0.923076923076923,0.333
750000,5000,0.6,[2536.90934193],63.17873807710106,44.15218022769569,100,61597.64317549996,300736.24794045347,585174.8487303164,88080.36204755915,147313.01713276518,197.07577062451819,195.4311883939937,0.923076923076923,0.333
800000,5000,0.6,[2489.65030625],60.36454198298246,42.701832345357374,100,63213.18943510672,295064.39400553575,587554.7056483265,85949.7119172652,143798.7701596008,198.2635558984174,193.02640536525163,0.923076923076923,0.333
760000,5000,0.6,[2523.97364644],62.609049191167195,43.690700897466634,100,62120.19197424629,299478.0797214548,585487.1942669651,87546.37471184858,146429.39139185986,197.2485055046239,194.80808800180648,0.923076923076923,0.333
755000,5000,0.6,[2526.89365154],63.04029779627032,43.880647520976744,100,61916.375906312234,300597.59114800923,584816.2183726599,87885.90433481307,146968.69824165627,196.95406077035253,195.3847057044533,0.923076923076923,0.333
760000,5000,0.6,[2523.97364644],62.609049191167195,43.690700897466634,100,62120.19197424629,299478.0797214548,585487.1942669651,87546.37471184858,146429.39139185986,197.2485055046239,194.80808800180648,0.923076923076923,0.333
756000,5000,0.6,[2528.51005768],62.962596096429166,43.90566019091074,100,61881.29053129874,300375.75910852395,585059.2313716506,87854.80987148009,146927.16081503392,197.05271595698812,195.27746626368187,0.923076923076923,0.333
757000,5000,0.6,[2528.35389658],62.922272609550305,43.89094294211815,100,61896.55588668753,300270.0792877486,585128.3644547537,87824.63091993834,146879.6589684261,197.08264458000727,195.22337434812087,0.923076923076923,0.333
758000,5000,0.6,[2530.22081892],62.82604869112006,43.91816573035327,100,61857.65748568247,299999.3483155774,585418.894651419,87784.30794539517,146824.80775206827,197.2019354397878,195.09078297432717,0.923076923076923,0.333
759000,5000,0.6,[2526.7558012],62.66571310885862,43.78077082339799,100,62013.87127617444,299604.5918568633,585532.6434859853,87624.17410091903,146561.79758763892,197.26045325123516,194.8801380611817,0.923076923076923,0.333
760000,5000,0.6,[2523.97364644],62.609049191167195,43.690700897466634,100,62120.19197424629,299478.0797214548,585487.1942669651,87546.37471184858,146429.39139185986,197.2485055046239,194.80808800180648,0.923076923076923,0.333
500000,10000,0.6,[1789.59080397],86.88851348331679,50.76109010627553,100,59183.55668069212,358505.53484266216,535470.814210963,101944.7457710638,165327.37062035163,179.21146953405017,229.7124572082339,0.923076923076923,0.333
700000,10000,0.6,[1610.37027139],62.439093382705785,41.161107763722995,100,69923.10733663753,304077.4248684363,565544.8516520039,83224.09057174655,135479.51485737617,191.65762943412707,202.89273184923107,0.923076923076923,0.333
600000,10000,0.6,[1710.0333965],72.22860435973274,44.96044961580145,100,65624.24695017116,325363.380052263,554035.4896426803,90625.15866963321,147367.6387520748,186.5747470650798,212.52529698116774,0.923076923076923,0.333
700000,10000,0.6,[1610.37027139],62.439093382705785,41.161107763722995,100,69923.10733663753,304077.4248684363,565544.8516520039,83224.09057174655,135479.51485737617,191.65762943412707,202.89273184923107,0.923076923076923,0.333
650000,10000,0.6,[1646.56436328],66.9946206807198,42.83308102618528,100,67747.74686476146,314246.90228004404,560072.2689598885,86650.4473585969,140969.87581226844,189.2944336881282,208.01173902430418,0.923076923076923,0.333
610000,10000,0.6,[1688.39572108],71.45293614485232,44.48201227411319,100,65863.76989582593,323188.34580338676,555354.4650634865,89798.66385277771,146035.61041428632,187.26591760299624,211.9007165110184,0.923076923076923,0.333
620000,10000,0.6,[1661.87435304],70.32023684856945,44.067796610169495,100,65954.6194050605,320220.6177646417,557470.0056146738,88776.22693210398,144389.04896905844,188.32391713747646,211.16411761410401,0.923076923076923,0.333
630000,10000,0.6,[1642.32805849],69.2514897069344,43.52659585874181,100,66379.06448073903,317619.4133979617,558935.7149835514,87822.75913636133,142852.57107564327,189.0359168241966,210.21753118293324,0.923076923076923,0.333
640000,10000,0.6,[1643.40895395],68.08386926517613,43.216396136682675,100,66985.53016830036,315802.47718313336,559691.0157882626,87203.54091076474,141860.82835427177,189.27867954439108,209.08691345019946,0.923076923076923,0.333
635000,10000,0.6,[1641.81668651],68.6723632493117,43.40879224123064,100,66625.8810207387,316984.27893328684,559138.8981883472,87581.8188799576,142459.27109753582,189.0932443762599,209.90539391452748,0.923076923076923,0.333
631000,10000,0.6,[1643.8149155],69.18754352800715,43.53198686697843,100,66411.1994477094,317545.4413347072,558969.2166114384,87808.7655308997,142831.9596228507,189.0359168241966,210.12834543826486,0.923076923076923,0.333
632000,10000,0.6,[1642.08851282],68.92130136304847,43.47826086956521,100,66502.33477918469,317372.1808005554,558975.1558886439,87717.6301994244,142677.5092318232,189.0359168241966,210.12834543826486,0.923076923076923,0.333
633000,10000,0.6,[1645.36163027],68.74485770130723,43.47826086956521,100,66595.29778385012,317165.5200439721,559057.6420817103,87670.0227544407,142604.7532282829,189.0359168241966,209.90612420181492,0.923076923076923,0.333
634000,10000,0.6,[1640.81693591],68.69080201449307,43.40876556670597,100,66597.34939817792,316923.4329333168,559217.7807014011,87566.51359255807,142435.45534657274,189.13686833848826,209.9048381952634,0.923076923076923,0.333
500000,20000,0.6,[963.58570505],78.86077871503836,41.14925557849151,100,71407.77818281142,328561.2928029036,538385.809064344,85581.3430824895,136556.51366081403,183.78877681983172,224.33679021854235,0.923076923076923,0.333
400000,20000,0.6,[1051.33541594],94.5155334677757,47.07316793679529,100,66227.41897510231,366524.5753783493,515257.98700673133,99419.95022050981,158243.01376679318,173.53059692854004,243.40239065455594,0.923076923076923,0.333
500000,20000,0.6,[963.58570505],78.86077871503836,41.14925557849151,100,71407.77818281142,328561.2928029036,538385.809064344,85581.3430824895,136556.51366081403,183.78877681983172,224.33679021854235,0.923076923076923,0.333
450000,20000,0.6,[995.65913653],84.39595937601949,43.105160326999886,100,69748.02509375388,341423.2533824787,530395.8998448673,90169.25494083391,143756.7076264004,180.18018018018017,230.43892702222615,0.923076923076923,0.333
500000,20000,0.6,[963.58570505],78.86077871503836,41.14925557849151,100,71407.77818281142,328561.2928029036,538385.809064344,85581.3430824895,136556.51366081403,183.78877681983172,224.33679021854235,0.923076923076923,0.333
460000,20000,0.6,[989.06919934],83.44030199117897,42.658431164693795,100,70140.46999138448,338991.497625044,531804.2780378334,89269.32700299453,142343.60552977517,180.81838676387008,229.19421185988867,0.923076923076923,0.333
470000,20000,0.6,[979.77674209],82.53064146819005,42.03925223677738,100,70726.13236529978,337108.88923033635,532511.6297851645,88451.78667060897,141044.71204745502,181.15942028985506,228.3090729303594,0.923076923076923,0.333
480000,20000,0.6,[974.60652913],81.45866578482382,41.76278053791464,100,70946.2907298692,334785.45592643495,534052.7304325191,87646.13019880847,139782.09903473707,181.85037189848154,227.27272727272728,0.923076923076923,0.333
490000,20000,0.6,[968.36091603],79.8902691394653,41.42827330767261,100,71185.67037948204,331031.18542051164,536714.9141133976,86412.14066945856,137855.9174610922,183.03664591352307,225.51350466982592,0.923076923076923,0.333
485000,20000,0.6,[970.41468584],80.40957739011984,41.51495232322046,100,71129.31066394865,331905.6697726946,536106.3764380495,86711.14787654266,138325.38900114023,182.76577398993606,225.81099489104068,0.923076923076923,0.333
481000,20000,0.6,[973.17675259],81.0290692942313,41.67099307721167,100,71009.37648201498,333477.7712600263,535015.5072791773,87233.30901093037,139140.88987582992,182.27814663371353,226.5768197199945,0.923076923076923,0.333
500000,30000,0.6,[621.79126141],69.22372223832471,36.79044771859842,100,81569.04410688949,305585.3106282608,541005.6018563546,73079.97157186987,115606.08753542279,187.56543703679992,215.53823284895066,0.923076923076923,0.333
400000,30000,0.6,[687.65877169],79.73750415246201,41.3680950660914,100,77489.81244641941,328754.9234650701,528245.7021700655,82080.97355935146,129758.2261300675,181.02118761466653,226.8880064639219,0.923076923076923,0.333
350000,30000,0.6,[725.8456272],86.82993889404702,43.74547989517709,100,75236.87153097853,344348.4555054571,519055.50420508196,88002.4486906795,139055.335322028,176.67844522968198,234.75543486801388,0.923076923076923,0.333
400000,30000,0.6,[687.65877169],79.73750415246201,41.3680950660914,100,77489.81244641941,328754.9234650701,528245.7021700655,82080.97355935146,129758.2261300675,181.02118761466653,226.8880064639219,0.923076923076923,0.333
360000,30000,0.6,[713.24950398],84.84982013289984,42.95351899485179,100,75918.12392085772,339449.8978797399,521952.2423494678,86116.1159814616,136095.1201214096,178.06200645791864,232.25197566658545,0.923076923076923,0.333
355000,30000,0.6,[716.74496442],85.44460778388697,43.16163410301953,100,75755.19405370533,340923.8628788992,521028.9297542376,86672.29888637921,136966.41745220433,177.61989342806396,232.9854267608931,0.923076923076923,0.333
351000,30000,0.6,[725.35760685],86.78780531840808,43.70465295289876,100,75282.34133957181,344278.8493049853,519051.14642531873,87963.87103565707,138993.42286664573,176.67844522968198,234.71151118103737,0.923076923076923,0.333
352000,30000,0.6,[723.34767981],86.45936342402992,43.582575890691295,100,75384.4577044476,343435.13013611315,519570.4182723857,87645.3372655519,138494.16311861394,176.9232397522279,234.28092976862834,0.923076923076923,0.333
353000,30000,0.6,[722.60167059],86.3042044858403,43.53693610302513,100,75391.84326422478,343233.1546419569,519707.0671778618,87562.34279253107,138364.06880914583,176.9911504424779,234.26047492094176,0.923076923076923,0.333
500000,1000,0.6,[4654.16161254],75.15238704444229,65.15550161413941,100,42930.006957587844,325221.2441790161,599478.9453372223,103479.46447857564,180101.22549452487,199.2632389584099,200.92376594972998,0.923076923076923,0.5
700000,1000,0.6,[4441.85938746],61.12192507546542,54.45023963428118,100,49327.94642984156,293593.03047861566,616835.6337604228,93284.47939610624,163422.54467537205,207.04436529872189,188.41037242183697,0.923076923076923,0.5
900000,1000,0.6,[4252.22582357],52.03635723414609,48.454723959824165,100,53612.70245848407,273329.48844606406,627044.438497485,86140.821382366,151502.2622625222,212.99700843047887,180.69122046425764,0.923076923076923,0.5
800000,1000,0.6,[4363.40494222],56.72840558690925,51.533786224128455,100,51289.541919154384,283924.6689216106,621914.1766424761,89960.53328610376,157928.23455631838,209.81044924619718,184.77445864301953,0.923076923076923,0.5
900000,1000,0.6,[4252.22582357],52.03635723414609,48.454723959824165,100,53612.70245848407,273329.48844606406,627044.438497485,86140.821382366,151502.2622625222,212.99700843047887,180.69122046425764,0.923076923076923,0.5
850000,1000,0.6,[4322.93981381],54.32791390596254,50.05295157928107,100,52384.72815198046,278043.67064005963,625179.1257040299,88029.16091690437,154741.55576582244,211.64003568101242,182.29335692913446,0.923076923076923,0.5
900000,1000,0.6,[4252.22582357],52.03635723414609,48.454723959824165,100,53612.70245848407,273329.48844606406,627044.438497485,86140.821382366,151502.2622625222,212.99700843047887,180.69122046425764,0.923076923076923,0.5
860000,1000,0.6,[4310.35854011],54.089361817043475,49.72664001853485,100,52660.71075461929,277622.682462251,625093.3889720448,87772.99468765038,154292.10173221427,211.6612112871476,182.1534820996633,0.923076923076923,0.5
870000,1000,0.6,[4297.8753912],53.702778846734994,49.36440677966102,100,52965.00719570608,276732.4384731621,625369.0116103686,87405.54998397006,153666.46824296014,211.86440677966104,181.77416736424033,0.923076923076923,0.5
865000,1000,0.6,[4304.24446271],53.812379816555705,49.544715467592304,100,52803.17305189542,276958.311124346,625426.9305462021,87541.66114895744,153904.68541975474,211.8627821164679,181.87604987844475,0.923076923076923,0.5
861000,1000,0.6,[4307.07648004],54.020108179714875,49.611775667904006,100,52764.24336551857,277446.9108473385,625089.3178312122,87683.68597800714,154139.222789609,211.6745418676009,182.05911203632866,0.923076923076923,0.5
862000,1000,0.6,[4307.41483431],53.951398894815014,49.60220808533509,100,52767.01207090967,277235.8171479136,625265.9394005277,87637.11127567511,154066.96605694722,211.76258444953922,181.95685875623946,0.923076923076923,0.5
863000,1000,0.6,[4305.55051766],53.93656919724509,49.572167721763485,100,52792.186701199666,277251.8881141566,625206.0445733662,87621.21706788866,154035.07980610253,211.74218596594923,181.98382469505907,0.923076923076923,0.5
864000,1000,0.6,[4303.70792894],53.88220712569486,49.565601697902345,100,52787.998563035115,277200.21633303416,625237.383961539,87596.90478180723,153990.0033594605,211.76975614262844,182.00752014420505,0.923076923076923,0.5
500000,2000,0.6,[3741.64065321],74.08725242053188,64.40126540761275,100,44413.07380727026,323009.9372619848,595123.1405741939,102388.30856648758,174401.04019378748,198.5031384498653,202.29136628287782,0.923076923076923,0.5
700000,2000,0.6,[3625.30047475],59.15275353694858,54.027119120803725,100,51344.8429982476,291025.26659325405,612280.7750351497,91892.28565317737,157424.46487368792,206.15641649863807,188.90483352804074,0.923076923076923,0.5
900000,2000,0.6,[3420.55761501],50.40158799278899,47.25352759126132,100,55892.632169193465,271811.195073833,621098.5702912237,84434.40204666005,145141.6611516095,211.83322252505494,182.03295562746243,0.923076923076923,0.5
800000,2000,0.6,[3545.95571828],54.95699705827252,50.857092700817766,100,53303.68900093398,281260.3280851112,617447.908131486,88420.23543912242,151783.53291383423,209.11875446460527,185.1407815316056,0.923076923076923,0.5
900000,2000,0.6,[3420.55761501],50.40158799278899,47.25352759126132,100,55892.632169193465,271811.195073833,621098.5702912237,84434.40204666005,145141.6611516095,211.83322252505494,182.03295562746243,0.923076923076923,0.5
850000,2000,0.6,[3486.87653523],52.832054567812065,48.91583320498166,100,54759.06059334882,276788.8135611302,618900.2480590766,86474.77602603246,148544.2137596198,210.22290862147466,183.54189790382588,0.923076923076923,0.5
810000,2000,0.6,[3532.40223159],54.58608318451752,50.42367832918721,100,53647.89150891451,280654.68332614505,617408.3363393883,88064.99928775709,151177.76350357383,209.18279185996957,184.97982420674998,0.923076923076923,0.5
820000,2000,0.6,[3520.10323967],54.123110702275746,50.09171769377851,100,53866.74051417613,279784.1247018816,617759.9090280167,87693.37045379446,150557.67202880213,209.441132552926,184.74973689828138,0.923076923076923,0.5
830000,2000,0.6,[3507.51781459],53.395113301952016,49.573597699393986,100,54212.06485467744,277823.23972737207,618890.7567126413,87044.09476709297,149510.91328780042,210.0840336134454,183.88846934279718,0.923076923076923,0.5
825000,2000,0.6,[3514.66680026],53.571428571428584,49.94535288161921,100,53873.00754423214,278300.042861029,618966.6229950206,87307.53174169788,149951.26628490424,210.0840336134454,184.17788107466743,0.923076923076923,0.5
821000,2000,0.6,[3519.62393519],53.99617631406159,50.06507055587472,100,53860.73734157268,279385.60357034975,618103.9809120422,87601.6563897215,150417.2106587872,209.6157742555873,184.57318175602606,0.923076923076923,0.5
822000,2000,0.6,[3519.40663457],53.97203841584265,50.045872337391216,100,53874.01865744796,279301.11604982056,618158.1280648671,87577.26629806946,150378.94991095856,209.64360587002096,184.52791581564796,0.923076923076923,0.5
500000,5000,0.6,[3027.32172241],68.18984745371083,59.683246821993585,100,49799.20995428288,316476.818367895,589740.7046098122,98126.59193486389,164439.99218478822,197.259955761863,202.37128308914671,0.923076923076923,0.5
700000,5000,0.6,[2575.32037087],53.128829455835785,51.132667614256775,100,59268.65276728395,282965.14411268116,603099.2999752911,86422.07083960717,143774.00094910478,203.89990606635925,186.85579224558862,0.923076923076923,0.5
600000,5000,0.6,[2698.19242959],58.133763842146976,54.71148003615164,100,56178.36047938222,293867.4167548778,598724.3985865534,90506.64744671041,150717.0676315604,201.4442851492318,191.43214374022418,0.923076923076923,0.5
700000,5000,0.6,[2575.32037087],53.128829455835785,51.132667614256775,100,59268.65276728395,282965.14411268116,603099.2999752911,86422.07083960717,143774.00094910478,203.89990606635925,186.85579224558862,0.923076923076923,0.5
650000,5000,0.6,[2630.44775112],55.0697476544694,52.64580445151851,100,58083.096099799455,286247.12682392634,602313.601187085,87964.64785448607,146407.8202756587,203.23689076601497,187.7094542898339,0.923076923076923,0.5
700000,5000,0.6,[2575.32037087],53.128829455835785,51.132667614256775,100,59268.65276728395,282965.14411268116,603099.2999752911,86422.07083960717,143774.00094910478,203.89990606635925,186.85579224558862,0.923076923076923,0.5
660000,5000,0.6,[2625.73551074],54.67293128959772,52.37701852399228,100,58278.695860204854,285251.6555629216,602869.6768291327,87643.09836273333,145885.9630292238,203.51701485473384,187.2474860509397,0.923076923076923,0.5
670000,5000,0.6,[2619.15143462],54.36248095687942,52.13849287169043,100,58461.52008687201,284616.8223398638,603118.0190551014,87391.23143839123,145465.47038790313,203.66598778004072,187.01083149944796,0.923076923076923,0.5
665000,5000,0.6,[2626.58058586],54.55916825651615,52.349347335935725,100,58296.853073202925,284917.6820634675,603134.438140926,87566.68307529432,145768.29817189917,203.63526779514643,187.07293268114105,0.923076923076923,0.5
661000,5000,0.6,[2625.73551074],54.67293128959772,52.37701852399228,100,58278.695860204854,285251.6555629216,602869.6768291327,87643.09836273333,145885.9630292238,203.51701485473384,187.2474860509397,0.923076923076923,0.5
662000,5000,0.6,[2626.2489467],54.6189067041077,52.36332345586761,100,58287.69230768528,285086.0384153868,603001.9989504805,87606.02406289354,145829.31114133488,203.57554078689054,187.15815846536717,0.923076923076923,0.5
663000,5000,0.6,[2626.71485753],54.56045787924842,52.34894974473765,100,58297.13259277329,284912.4597397459,603139.8860292265,87566.53732611611,145768.62986571854,203.63696690283058,187.06665598373343,0.923076923076923,0.5
500000,10000,0.6,[1746.46053743],63.885174698899725,53.314034157878446,100,61597.620505765044,309293.01468241593,572783.6144032041,88984.11715942711,144607.72315459576,193.717700589716,205.5232114289784,0.923076923076923,0.5
700000,10000,0.6,[1593.45166109],47.95038121855688,45.0207160864945,100,70774.29312125863,276785.14995990734,587091.3377391783,77156.00546316642,125360.11041554833,200.65432085220985,189.2965291058584,0.923076923076923,0.5
600000,10000,0.6,[1701.11873815],54.03171972572076,49.01210667483397,100,67518.66316225704,290372.14017911867,580825.6270339106,82495.06513446913,134041.38047054346,196.92706891308222,194.61027986704593,0.923076923076923,0.5
550000,10000,0.6,[1704.647081],57.723183391003474,50.32249134948098,100,65119.73555103398,296867.1577770682,578428.3899662619,84687.33111563268,137633.18253230472,196.078431372549,198.84659746251444,0.923076923076923,0.5
510000,10000,0.6,[1726.65912607],63.26788594588067,52.60341128596662,100,61628.62699204932,306811.4778065164,574658.6925206088,88155.3716964084,143311.5406297689,194.71581675361014,204.79647211687617,0.923076923076923,0.5
520000,10000,0.6,[1724.09237222],61.731436499660596,52.16545670481172,100,62465.79713683863,303812.53519165376,576108.7948593509,87219.12274172682,141790.38455037243,195.24303385791134,202.93729587702578,0.923076923076923,0.5
515000,10000,0.6,[1729.253281],62.27181039773904,52.436647173489284,100,62222.25151372179,305049.29131431493,575420.2041186127,87629.1518649689,142450.0604414938,194.9317738791423,203.5274142248287,0.923076923076923,0.5
520000,10000,0.6,[1724.09237222],61.731436499660596,52.16545670481172,100,62465.79713683863,303812.53519165376,576108.7948593509,87219.12274172682,141790.38455037243,195.24303385791134,202.93729587702578,0.923076923076923,0.5
516000,10000,0.6,[1725.40222889],62.185359307248994,52.29182857895161,100,62354.38528732746,304854.15519716276,575390.3594854065,87518.98210598029,142262.6603777327,194.9317738791423,203.42553308956244,0.923076923076923,0.5
500000,20000,0.6,[949.74751842],58.40521177065149,43.282073496498455,100,74617.00807668427,291569.74778672523,564825.0582059565,75256.35931662351,120247.54466399025,194.9317738791423,203.42553308956244,0.923076923076923,0.5
400000,20000,0.6,[1031.72969761],71.96248995651082,48.31206642423566,100,68160.37918683494,319675.87293546257,550373.2437630021,85207.91136720433,136077.606694619,188.19295600808684,218.99543834690567,0.923076923076923,0.5
350000,20000,0.6,[1073.94791736],80.29539793402841,52.349384603195226,100,64763.77089182217,337343.72742640146,540574.9113988895,91535.37963909666,146047.19017496295,183.8235294117647,228.20751289703625,0.923076923076923,0.5
400000,20000,0.6,[1031.72969761],71.96248995651082,48.31206642423566,100,68160.37918683494,319675.87293546257,550373.2437630021,85207.91136720433,136077.606694619,188.19295600808684,218.99543834690567,0.923076923076923,0.5
360000,20000,0.6,[1045.20305816],77.1776999177248,51.831524062108834,100,66651.57733156027,332018.9247927398,542394.3480304505,89441.22077216937,142620.98854792604,184.55354765475542,224.82795047963657,0.923076923076923,0.5
370000,20000,0.6,[1041.22943155],75.37641526953422,50.484032881996036,100,67183.25391643806,327543.9196175089,545302.8046072738,87896.51536499948,140239.84015958785,185.87360594795538,222.6675738718748,0.923076923076923,0.5
380000,20000,0.6,[1035.47007673],73.84048870241388,49.62093326388614,100,67622.92734369486,324388.2596342373,547251.309073996,86781.4286673624,138502.08435626837,186.76802165776706,221.28390997398122,0.923076923076923,0.5
375000,20000,0.6,[1035.72731056],74.46383732696498,49.88182965467185,100,67546.13637968243,326018.0889433924,546027.5885708679,87278.65650449008,139265.04959855342,186.21973929236498,222.08795115252926,0.923076923076923,0.5
371000,20000,0.6,[1040.80472689],75.33140425902643,50.48401546032612,100,67195.69629906547,327520.41500039765,545301.7772043297,87882.5439956451,140215.78384563507,185.87360594795538,222.67628470682877,0.923076923076923,0.5
372000,20000,0.6,[1036.97482589],74.96250178271741,50.13860757845285,100,67433.11735650846,327151.2287729771,545263.5313248858,87656.49477814871,139850.1897530954,185.87360594795538,222.61149786522265,0.923076923076923,0.5
373000,20000,0.6,[1037.7135633],74.8240177462136,50.118003799831406,100,67409.39203780709,326656.5716934191,545701.9999395517,87529.09162228674,139658.82027052116,186.06600802839895,222.3417845590225,0.923076923076923,0.5
500000,30000,0.6,[602.2618508],52.490703449065116,37.6026722322883,100,82773.49803935127,275261.3935016669,564086.6570279431,64406.49864012742,102025.88973146642,198.71760435576974,199.67951787263794,0.923076923076923,0.5
400000,30000,0.6,[652.07998222],64.43668521599336,42.23840185388655,100,78646.33192028404,299266.76662137505,550223.7935614703,72987.19313458791,115499.15560404674,191.2635700202432,211.97547203887896,0.923076923076923,0.5
350000,30000,0.6,[686.18012678],71.09531953045874,44.65290806754222,100,75987.54887036506,312652.83414126845,543002.6929951634,77933.47588515139,123301.43251564456,187.61726078799248,219.163525876239,0.923076923076923,0.5
310000,30000,0.6,[725.06467317],77.14317510288015,47.71054539563114,100,73553.17043231979,326295.60733986006,535438.3520404606,83088.70435896206,131423.84692763304,183.8235294117647,226.1597187226294,0.923076923076923,0.5
305000,30000,0.6,[727.32676314],77.69161588305278,48.073394495412856,100,73335.97236316315,327543.2569037312,534730.8771254984,83556.12504458873,132153.44440336752,183.48623853211006,226.8256062470756,0.923076923076923,0.5
301000,30000,0.6,[730.82131904],78.34613247804313,48.51512847084041,100,72907.98787413043,328946.7614837115,534152.3877426838,84116.10538297283,133036.83921553713,183.2201833777921,227.74465804809432,0.923076923076923,0.5
500000,1000,0.6,[4731.74650989],69.50022412302465,68.90582583938385,100,40782.18317893089,312547.1835021744,613435.708518659,101603.62192632655,177571.1050394685,204.91803278688525,196.77021667284768,0.923076923076923,0.6
700000,1000,0.6,[4549.37503802],57.61321909814202,58.93617021276595,100,45669.70473569888,284973.34704074374,629352.6099349229,92881.39274988647,163271.12719500178,212.76595744680853,185.99812190103842,0.923076923076923,0.6
900000,1000,0.6,[4088.96482451],48.23513577517391,51.45137474612209,100,52595.7971883934,267372.22257381235,631822.196284936,85317.68477050506,148714.98537013552,215.77166779501295,179.49147586487814,0.923076923076923,0.6
800000,1000,0.6,[4249.47519025],51.6842258019791,54.50643776824034,100,50235.087591358766,273021.3848088058,631428.726937158,88219.74581218197,154066.1032149273,214.59227467811158,180.85902168293453,0.923076923076923,0.6
900000,1000,0.6,[4088.96482451],48.23513577517391,51.45137474612209,100,52595.7971883934,267372.22257381235,631822.196284936,85317.68477050506,148714.98537013552,215.77166779501295,179.49147586487814,0.923076923076923,0.6
850000,1000,0.6,[4152.0892154],49.869472128032726,52.91045280338712,100,51638.91708197213,270048.3628880041,631364.0741861647,86714.58879539957,151168.56272449886,215.02076345485332,180.00309626363438,0.923076923076923,0.6
810000,1000,0.6,[4209.19273854],51.328352038654685,54.12993295145594,100,50804.056403863826,272599.82649763813,630767.9798791991,87900.25725968841,153297.3415757442,214.34610770347692,180.64419748263245,0.923076923076923,0.6
820000,1000,0.6,[4184.26341059],50.808252169253166,53.538704077343034,100,51312.67020565934,271469.3555001287,630885.0333715152,87398.33746715094,152368.0583487268,214.52098459353226,180.11385317337022,0.923076923076923,0.6
815000,1000,0.6,[4199.72464944],51.026286728314005,53.80798172029025,100,51022.49957400743,271910.6469020469,630994.3184990975,87618.96682408248,152812.09089160085,214.52597546635513,180.35632563445645,0.923076923076923,0.6
820000,1000,0.6,[4184.26341059],50.808252169253166,53.538704077343034,100,51312.67020565934,271469.3555001287,630885.0333715152,87398.33746715094,152368.0583487268,214.52098459353226,180.11385317337022,0.923076923076923,0.6
816000,1000,0.6,[4197.04732776],51.01162741976049,53.8124653308149,100,51051.342165469505,271899.833802467,630947.2229854204,87611.1249906405,152778.02210215147,214.50515258488707,180.33881941693414,0.923076923076923,0.6
817000,1000,0.6,[4188.42008416],50.95507820186339,53.69552288709279,100,51205.90932642368,271828.1255641576,630751.4987171288,87537.56959343686,152605.94141644333,214.42482699128323,180.27128806607882,0.923076923076923,0.6
500000,2000,0.6,[3804.98837515],67.30785846873178,68.22810590631364,100,42841.79634507062,310404.66652775276,607969.8660937713,100294.26290905481,171240.54634675352,203.66598778004072,198.16773431630287,0.923076923076923,0.6
700000,2000,0.6,[3627.61182116],56.21147197310895,57.56166456859854,100,47862.86877085731,284269.11586750485,622437.6638866469,91485.93401248957,156974.38388076783,211.1359971711515,187.99346294668595,0.923076923076923,0.6
900000,2000,0.6,[3415.83687904],47.84482758620689,50.2155172413793,100,53194.06250521211,267307.2463913141,627993.7078560339,84296.34396752919,144730.48681854398,215.51724137931032,181.80504719707184,0.923076923076923,0.6
800000,2000,0.6,[3458.65158272],51.26006921506836,52.890792291220556,100,50746.060422044655,273704.8322894519,626429.1906210146,87173.12248804687,149587.57460359205,214.13276231263382,184.27298284472909,0.923076923076923,0.6
750000,2000,0.6,[3580.66685606],53.76988368935554,55.700642926058244,100,48741.28833276021,278980.21803305624,625382.5146303603,89575.52808683104,153858.0453073918,212.97767824010464,186.2586604245278,0.923076923076923,0.6
800000,2000,0.6,[3458.65158272],51.26006921506836,52.890792291220556,100,50746.060422044655,273704.8322894519,626429.1906210146,87173.12248804687,149587.57460359205,214.13276231263382,184.27298284472909,0.923076923076923,0.6
760000,2000,0.6,[3533.95638488],53.091684434968016,54.92719165850119,100,49351.58633486836,277571.8553357028,625493.7912963822,88911.51643560217,152611.15329466673,213.21961620469085,185.71777095861023,0.923076923076923,0.6
770000,2000,0.6,[3518.57279747],52.51864431082395,54.48109674444696,100,49610.30938687018,276145.9646380399,626261.7204334058,88422.53393497638,151791.25697842357,213.70377115283117,185.13227500713757,0.923076923076923,0.6
780000,2000,0.6,[3490.43137312],52.07536715716955,53.682079119217825,100,50229.89370882516,275370.0288794906,625922.6163933794,87904.57665541056,150855.799049636,213.67521367521366,184.82441505769364,0.923076923076923,0.6
790000,2000,0.6,[3470.79456274],51.73455908662885,53.16482216385903,100,50619.848159147776,274772.328884381,625785.0337953296,87539.4651424493,150200.00859813017,213.71064660088572,184.62065292610208,0.923076923076923,0.6
785000,2000,0.6,[3480.501383],51.82543071247201,53.38317761222691,100,50441.71314124201,274716.94277552865,626140.7040310137,87646.08707041615,150411.18186295434,213.8386348062986,184.51007204640695,0.923076923076923,0.6
790000,2000,0.6,[3470.79456274],51.73455908662885,53.16482216385903,100,50619.848159147776,274772.328884381,625785.0337953296,87539.4651424493,150200.00859813017,213.71064660088572,184.62065292610208,0.923076923076923,0.6
786000,2000,0.6,[3480.28768088],51.82227823661777,53.38414555551736,100,50439.756591671314,274731.51663380675,626127.7800786005,87646.89540674113,150411.64496383353,213.83419469946168,184.52794459351122,0.923076923076923,0.6
787000,2000,0.6,[3480.28768088],51.82227823661777,53.38414555551736,100,50439.756591671314,274731.51663380675,626127.7800786005,87646.89540674113,150411.64496383353,213.83419469946168,184.52794459351122,0.923076923076923,0.6
788000,2000,0.6,[3472.55761643],51.753657985361826,53.19147732564191,100,50600.68893255859,274732.2149275846,625861.1320169875,87551.73425640778,150226.86473865082,213.7375464582561,184.56580399438397,0.923076923076923,0.6
500000,5000,0.6,[2954.3205921],61.081488217888925,64.15953288339355,100,49469.19671223809,301176.64638496435,602592.1179364368,95313.0317484656,159277.83949117365,202.48851478308723,195.48218112973885,0.923076923076923,0.6
700000,5000,0.6,[2612.72138295],49.630066617721205,53.62340539781575,100,57379.05882778409,276595.78708042187,610742.5678317162,85567.33846045354,142416.69433880836,207.5090399421697,185.58668767171082,0.923076923076923,0.6
600000,5000,0.6,[2733.86980408],55.711151318942605,58.40730467734701,100,53759.33141311915,290835.42333858414,604342.7017179694,90694.60398392878,151044.9788802475,203.8857613855539,191.80336306934393,0.923076923076923,0.6
700000,5000,0.6,[2612.72138295],49.630066617721205,53.62340539781575,100,57379.05882778409,276595.78708042187,610742.5678317162,85567.33846045354,142416.69433880836,207.5090399421697,185.58668767171082,0.923076923076923,0.6
650000,5000,0.6,[2657.66569534],52.53820083314418,56.01022819593002,100,55667.27382691106,283663.5022293681,607378.015738107,88077.60145108569,146572.05530351258,205.59133238586895,188.79730388012865,0.923076923076923,0.6
700000,5000,0.6,[2612.72138295],49.630066617721205,53.62340539781575,100,57379.05882778409,276595.78708042187,610742.5678317162,85567.33846045354,142416.69433880836,207.5090399421697,185.58668767171082,0.923076923076923,0.6
660000,5000,0.6,[2652.5197139],52.147621345557894,55.674041034872566,100,55906.084960655484,282603.8181497027,607926.285834884,87726.47588743606,145996.3059993953,205.88311413471973,188.26116428010758,0.923076923076923,0.6
670000,5000,0.6,[2642.34962115],51.20567312638736,54.958677685950406,100,56429.453294044884,280057.43721593823,609318.3458239138,86912.06058829327,144662.12023586791,206.61157024793388,186.98083889585968,0.923076923076923,0.6
665000,5000,0.6,[2640.82473095],51.751875970953975,55.07613587206713,100,56314.642281640314,281586.6230298552,608181.5331481143,87287.07461296012,145264.49822083386,206.07277122904986,187.7489270021165,0.923076923076923,0.6
661000,5000,0.6,[2642.75226977],52.080337605284,55.24301430852436,100,56188.2791989198,282465.6736997825,607624.133512666,87542.88380366324,145680.89558310612,205.79206712487687,188.17791016697026,0.923076923076923,0.6
500000,10000,0.6,[1941.2155587],54.722961907929786,56.66332040995094,100,62261.8351136694,293417.83699023037,586579.7096870982,86570.90747727577,141074.11317071403,198.01980198019803,195.30936334216838,0.923076923076923,0.6
400000,10000,0.6,[1957.30037447],67.58016194331982,61.4988456629498,100,56411.560719725494,320467.423534528,571391.185592902,94572.78340982916,154008.87992952438,192.3076923076923,210.12145748987854,0.923076923076923,0.6
500000,10000,0.6,[1941.2155587],54.722961907929786,56.66332040995094,100,62261.8351136694,293417.83699023037,586579.7096870982,86570.90747727577,141074.11317071403,198.01980198019803,195.30936334216838,0.923076923076923,0.6
450000,10000,0.6,[1972.24582702],58.820327574633545,58.92577735138788,100,60362.446691215424,303198.08248378144,580987.8542330423,89600.36109656225,145983.45646578592,195.5915364219625,200.1782726194623,0.923076923076923,0.6
500000,10000,0.6,[1941.2155587],54.722961907929786,56.66332040995094,100,62261.8351136694,293417.83699023037,586579.7096870982,86570.90747727577,141074.11317071403,198.01980198019803,195.30936334216838,0.923076923076923,0.6
460000,10000,0.6,[1970.25054752],57.87786045782006,58.49335849827965,100,60926.2262371722,301628.7587010534,581559.3685212401,89060.4589455419,145084.44222000698,195.78604481943563,199.26343487852918,0.923076923076923,0.6
470000,10000,0.6,[1966.15611618],57.34786393791681,58.21799631100838,100,61140.14521089544,300459.1561201668,582235.9995947229,88690.272600101,144485.14479312568,196.078431372549,198.74563434768925,0.923076923076923,0.6
480000,10000,0.6,[1961.97524855],55.89399034016387,57.63079586696792,100,61729.870607536475,296613.2835024127,584715.3293430118,87643.58656703269,142801.91078768656,197.08469069552953,196.6842540448521,0.923076923076923,0.6
490000,10000,0.6,[1946.58945798],55.13548009988913,56.917790239776025,100,62143.32746680998,294610.40121138113,585765.1712199746,86930.73665455652,141645.8183563591,197.62481541387146,195.8282261828364,0.923076923076923,0.6
485000,10000,0.6,[1948.36415809],55.77658131202137,57.06388534129752,100,62119.72438535966,296387.2659261076,584323.6625750957,87386.10793410687,142353.93306523375,196.9648456075107,196.59456498503667,0.923076923076923,0.6
481000,10000,0.6,[1961.97524855],55.89399034016387,57.63079586696792,100,61729.870607536475,296613.2835024127,584715.3293430118,87643.58656703269,142801.91078768656,197.08469069552953,196.6842540448521,0.923076923076923,0.6
482000,10000,0.6,[1959.02530286],55.872613562971196,57.506963348295145,100,61816.37609873379,296563.91262876935,584629.0352595748,87588.18631837683,142705.39412811204,197.05766569275752,196.65867609537892,0.923076923076923,0.6
500000,20000,0.6,[942.89281238],51.27794698186763,46.98295929225719,100,74645.71808635793,279478.21886916,574785.5857798046,72460.92564420609,115726.56773494955,199.31218311181505,197.63447113275947,0.923076923076923,0.6
400000,20000,0.6,[993.91122957],62.179103782195455,51.18125744565769,100,69841.7559087189,301298.22350782866,563171.5932425313,79958.24500875885,127633.67784723478,193.7251688664377,209.22093618574033,0.923076923076923,0.6
350000,20000,0.6,[1029.26607475],69.38047790965308,54.23317813001992,100,66704.16424166379,316131.5292513012,555168.310286688,85109.47951890649,135797.0615063626,190.0296497741819,217.42643489127335,0.923076923076923,0.6
310000,20000,0.6,[1065.27173962],75.96818253042252,56.61080074487896,100,64536.68323785771,330164.70252798224,546706.8317090565,89878.89322046693,143341.9483341816,186.21973929236498,224.44423095924742,0.923076923076923,0.6
320000,20000,0.6,[1054.0344447],74.09500803755436,55.84408606816507,100,65182.088576330876,325952.1896673504,549248.7754845143,88440.69772404783,141068.07826360923,187.35651139813365,222.29987413942504,0.923076923076923,0.6
330000,20000,0.6,[1044.7871937],72.69921048873012,55.58017083430905,100,65440.26541490633,323219.9942105163,551060.7393689938,87523.04832970005,139609.88983764595,188.1917657255521,221.24158502240905,0.923076923076923,0.6
325000,20000,0.6,[1046.21785612],73.0426815659218,55.603206010522975,100,65388.142068321475,323802.8734364876,550665.9335729266,87712.34580082411,139910.11834943976,188.0170810438547,221.46260975873682,0.923076923076923,0.6
330000,20000,0.6,[1044.7871937],72.69921048873012,55.58017083430905,100,65440.26541490633,323219.9942105163,551060.7393689938,87523.04832970005,139609.88983764595,188.1917657255521,221.24158502240905,0.923076923076923,0.6
326000,20000,0.6,[1045.31909013],72.85168978627807,55.58842691991601,100,65417.44584015115,323511.34535817447,550856.6017649133,87613.86856972321,139753.16449196497,188.10211791192359,221.36825870185285,0.923076923076923,0.6
327000,20000,0.6,[1045.34669056],72.76422126132938,55.61774253259666,100,65410.442399673506,323295.23490508593,551042.4999863136,87558.81740160011,139667.99510092905,188.18231778451897,221.2617125011398,0.923076923076923,0.6
500000,30000,0.6,[588.21746803],47.87176779693662,38.63989914753241,100,83089.27232563162,265960.4692332146,571228.9023276966,61838.10255080926,97953.91978832491,202.5085836715102,194.7939709602145,0.923076923076923,0.6
400000,30000,0.6,[638.11360823],56.878375443349064,44.10788010224661,100,78510.29746252444,283780.89309343405,562909.4526833816,68787.01482451339,108911.68436663404,197.49865688252086,204.2671390214796,0.923076923076923,0.6
350000,30000,0.6,[666.99131009],62.89613810793017,46.132774121891885,100,76307.87605265912,295487.59851407725,556363.7232739683,72949.63752805459,115485.07880193165,194.05198904377662,210.36164085544002,0.923076923076923,0.6
310000,30000,0.6,[686.62021532],70.15168787004191,49.45124927873741,100,74027.35053411995,310309.91406351444,547338.6254806546,78033.790922841,123424.32092412007,189.5893990879531,218.4667131618949,0.923076923076923,0.6
305000,30000,0.6,[688.21073882],70.71319291805767,49.6164139653637,100,73895.47173781911,311551.4526663706,546513.327271166,78444.87014744293,124066.2662979679,189.1867185810659,219.1461646174661,0.923076923076923,0.6
301000,30000,0.6,[689.98067095],71.42196363758015,49.794304606138,100,73776.04337598446,312893.8351344058,545601.3130019278,78894.68544369245,124768.50180554812,188.74321576639852,219.78021978021977,0.923076923076923,0.6
